program_abbr,semester_no,semester_text,department_value,department_text,numeric_code,display_code,course_number,course_name,ects_credit,credit,level,type,source_url,retrieved_at_utc,content_path
CENG,20242,2024-2025 Spring,571,Computer Engineering/Bilgisayar Mühendisliği,5710140,CENG 140,140,C PROGRAMMING (C PROGRAMLAMA ),4.0,"4.00 (3.00,2.00,0.00)",Undergraduate/Lisans,Undergraduate / Lisans,https://student.metu.edu.tr/proxy/View_Program_Course_Details_64/main.php,2026-05-10T19:41:24+00:00,data\raw\sais\offerings\20242\CENG\20260510T194124Z\program.html
CENG,20242,2024-2025 Spring,571,Computer Engineering/Bilgisayar Mühendisliği,5710213,CENG 213,213,DATA STRUCTURES (VERİ YAPILARI ),6.0,"4.00 (3.00,2.00,0.00)",Undergraduate/Lisans,Undergraduate / Lisans,https://student.metu.edu.tr/proxy/View_Program_Course_Details_64/main.php,2026-05-10T19:41:24+00:00,data\raw\sais\offerings\20242\CENG\20260510T194124Z\program.html
CENG,20242,2024-2025 Spring,571,Computer Engineering/Bilgisayar Mühendisliği,5710222,CENG 222,222,STATISTICAL METHODS FOR COMPUTER ENGINEERING (BİLGİSAYAR MÜHENDİSLİĞİ İÇİN İSTATİSTİKSEL YÖNTEMLER ),5.0,"3.00 (3.00,0.00,0.00)",Undergraduate/Lisans,Undergraduate / Lisans,https://student.metu.edu.tr/proxy/View_Program_Course_Details_64/main.php,2026-05-10T19:41:24+00:00,data\raw\sais\offerings\20242\CENG\20260510T194124Z\program.html
CENG,20242,2024-2025 Spring,571,Computer Engineering/Bilgisayar Mühendisliği,5710232,CENG 232,232,LOGIC DESIGN (SAYISAL DEVRE TASARIMI ),7.0,"4.00 (3.00,2.00,0.00)",Undergraduate/Lisans,Undergraduate / Lisans,https://student.metu.edu.tr/proxy/View_Program_Course_Details_64/main.php,2026-05-10T19:41:24+00:00,data\raw\sais\offerings\20242\CENG\20260510T194124Z\program.html
CENG,20242,2024-2025 Spring,571,Computer Engineering/Bilgisayar Mühendisliği,5710240,CENG 240,240,PROGRAMMING WITH PYTHON FOR ENGINEERS (MÜHENDİSLER İÇİN PYTHON İLE PROGRAMLAMA ),4.0,"3.00 (2.00,2.00,0.00)",Undergraduate/Lisans,Undergraduate / Lisans,https://student.metu.edu.tr/proxy/View_Program_Course_Details_64/main.php,2026-05-10T19:41:24+00:00,data\raw\sais\offerings\20242\CENG\20260510T194124Z\program.html
CENG,20242,2024-2025 Spring,571,Computer Engineering/Bilgisayar Mühendisliği,5710242,CENG 242,242,PROGRAMMING LANGUAGE CONCEPTS (PROGRAMLAMA DİLİ KAVRAMLARI ),7.0,"4.00 (3.00,2.00,0.00)",Undergraduate/Lisans,Undergraduate / Lisans,https://student.metu.edu.tr/proxy/View_Program_Course_Details_64/main.php,2026-05-10T19:41:24+00:00,data\raw\sais\offerings\20242\CENG\20260510T194124Z\program.html
CENG,20242,2024-2025 Spring,571,Computer Engineering/Bilgisayar Mühendisliği,5710280,CENG 280,280,FORMAL LANGU.AND ABSTRACT MACHINES (FORMEL DİLLER VE SOYUT MAKİNELER ),6.0,"3.00 (3.00,0.00,0.00)",Undergraduate/Lisans,Undergraduate / Lisans,https://student.metu.edu.tr/proxy/View_Program_Course_Details_64/main.php,2026-05-10T19:41:24+00:00,data\raw\sais\offerings\20242\CENG\20260510T194124Z\program.html
CENG,20242,2024-2025 Spring,571,Computer Engineering/Bilgisayar Mühendisliği,5710300,CENG 300,300,SUMMER PRACTICE I (YAZ STAJI I ),8.0,"0.00 (0.00,0.00,0.00)",Undergraduate/Lisans,Undergraduate Practice / Lisans Staj,https://student.metu.edu.tr/proxy/View_Program_Course_Details_64/main.php,2026-05-10T19:41:24+00:00,data\raw\sais\offerings\20242\CENG\20260510T194124Z\program.html
CENG,20242,2024-2025 Spring,571,Computer Engineering/Bilgisayar Mühendisliği,5710302,CENG 302,302,INTR. TO DATABASE MANAGEMENT SYSTEMS (VERİTABANI YÖNETİM SİSTEMLERİNE GİRİŞ ),5.0,"3.00 (3.00,0.00,)",Undergraduate/Lisans,Undergraduate / Lisans,https://student.metu.edu.tr/proxy/View_Program_Course_Details_64/main.php,2026-05-10T19:41:24+00:00,data\raw\sais\offerings\20242\CENG\20260510T194124Z\program.html
CENG,20242,2024-2025 Spring,571,Computer Engineering/Bilgisayar Mühendisliği,5710305,CENG 305,305,OBJECT ORIENTED PROGRAMMING WITH JAVA (JAVA İLE NESNE YÖNELİMLİ PROGRAMLAMA ),5.0,"3.00 (3.00,0.00,0.00)",Undergraduate/Lisans,Undergraduate / Lisans,https://student.metu.edu.tr/proxy/View_Program_Course_Details_64/main.php,2026-05-10T19:41:24+00:00,data\raw\sais\offerings\20242\CENG\20260510T194124Z\program.html
CENG,20242,2024-2025 Spring,571,Computer Engineering/Bilgisayar Mühendisliği,5710310,CENG 310,310,ALGORITHMS AND DATA STRUCTURES WITH PYTHON (PYTHON İLE ALGORİTMALAR VE VERİ YAPILARI ),5.0,"3.00 (3.00,0.00,0.00)",Undergraduate/Lisans,Undergraduate / Lisans,https://student.metu.edu.tr/proxy/View_Program_Course_Details_64/main.php,2026-05-10T19:41:24+00:00,data\raw\sais\offerings\20242\CENG\20260510T194124Z\program.html
CENG,20242,2024-2025 Spring,571,Computer Engineering/Bilgisayar Mühendisliği,5710315,CENG 315,315,ALGORITHMS (ALGORİTMALAR ),6.0,"3.00 (3.00,0.00,)",Undergraduate/Lisans,Undergraduate / Lisans,https://student.metu.edu.tr/proxy/View_Program_Course_Details_64/main.php,2026-05-10T19:41:24+00:00,data\raw\sais\offerings\20242\CENG\20260510T194124Z\program.html
CENG,20242,2024-2025 Spring,571,Computer Engineering/Bilgisayar Mühendisliği,5710316,CENG 316,316,PRACTICE OF ALGORITHMS (ALGORİTMA UYGULAMALARI ),6.0,"3.00 (2.00,2.00,0.00)",Undergraduate/Lisans,Undergraduate / Lisans,https://student.metu.edu.tr/proxy/View_Program_Course_Details_64/main.php,2026-05-10T19:41:24+00:00,data\raw\sais\offerings\20242\CENG\20260510T194124Z\program.html
CENG,20242,2024-2025 Spring,571,Computer Engineering/Bilgisayar Mühendisliği,5710334,CENG 334,334,INTRODUCTION TO OPERATING SYSTEMS (İŞLETİM SİSTEMLERİNE GİRİŞ ),5.5,"3.00 (3.00,0.00,)",Undergraduate/Lisans,Undergraduate / Lisans,https://student.metu.edu.tr/proxy/View_Program_Course_Details_64/main.php,2026-05-10T19:41:24+00:00,data\raw\sais\offerings\20242\CENG\20260510T194124Z\program.html
CENG,20242,2024-2025 Spring,571,Computer Engineering/Bilgisayar Mühendisliği,5710336,CENG 336,336,INTRO.TO EMBEDDED SYSTEMS DEVELOPMENT (GÖMÜLÜ SİSTEM GELİŞTİRMEYE GİRİŞ ),5.5,"3.00 (2.00,2.00,0.00)",Undergraduate/Lisans,Undergraduate / Lisans,https://student.metu.edu.tr/proxy/View_Program_Course_Details_64/main.php,2026-05-10T19:41:24+00:00,data\raw\sais\offerings\20242\CENG\20260510T194124Z\program.html
CENG,20242,2024-2025 Spring,571,Computer Engineering/Bilgisayar Mühendisliği,5710350,CENG 350,350,SOFTWARE ENGINEERING (YAZILIM MÜHENDİSLİĞİ ),5.5,"3.00 (3.00,0.00,)",Undergraduate/Lisans,Undergraduate / Lisans,https://student.metu.edu.tr/proxy/View_Program_Course_Details_64/main.php,2026-05-10T19:41:24+00:00,data\raw\sais\offerings\20242\CENG\20260510T194124Z\program.html
CENG,20242,2024-2025 Spring,571,Computer Engineering/Bilgisayar Mühendisliği,5710352,CENG 352,352,DATABASE MANAGEMENT SYSTEMS (VERİ TABANI YÖNETİM SİSTEMLERİ ),6.0,"3.00 (3.00,0.00,0.00)",Undergraduate/Lisans,Undergraduate / Lisans,https://student.metu.edu.tr/proxy/View_Program_Course_Details_64/main.php,2026-05-10T19:41:24+00:00,data\raw\sais\offerings\20242\CENG\20260510T194124Z\program.html
CENG,20242,2024-2025 Spring,571,Computer Engineering/Bilgisayar Mühendisliği,5710371,CENG 371,371,SCIENTIFIC COMPUTING (BİLİMSEL HESAPLAMA ),6.0,"3.00 (3.00,0.00,0.00)",Undergraduate/Lisans,Elective / Seçmeli,https://student.metu.edu.tr/proxy/View_Program_Course_Details_64/main.php,2026-05-10T19:41:24+00:00,data\raw\sais\offerings\20242\CENG\20260510T194124Z\program.html
CENG,20242,2024-2025 Spring,571,Computer Engineering/Bilgisayar Mühendisliği,5710382,CENG 382,382,ANALYSIS OF DYNAMIC SYSTEMS (DİNAMİK SİSTEMLERİN ANALİZİ ),5.5,"3.00 (3.00,0.00,0.00)",Undergraduate/Lisans,Undergraduate / Lisans,https://student.metu.edu.tr/proxy/View_Program_Course_Details_64/main.php,2026-05-10T19:41:24+00:00,data\raw\sais\offerings\20242\CENG\20260510T194124Z\program.html
CENG,20242,2024-2025 Spring,571,Computer Engineering/Bilgisayar Mühendisliği,5710384,CENG 384,384,SIGNALS AND SYSTEMS FOR COMPUTER ENGINEERS (BİLGİSAYAR MÜHENDİSLERİ İÇİN SİNYAL VE SİSTEMLER ),5.0,"3.00 (3.00,0.00,0.00)",Undergraduate/Lisans,Undergraduate / Lisans,https://student.metu.edu.tr/proxy/View_Program_Course_Details_64/main.php,2026-05-10T19:41:24+00:00,data\raw\sais\offerings\20242\CENG\20260510T194124Z\program.html
CENG,20242,2024-2025 Spring,571,Computer Engineering/Bilgisayar Mühendisliği,5710400,CENG 400,400,SUMMER PRACTICE II (YAZ STAJI II ),8.0,"0.00 (0.00,0.00,0.00)",Undergraduate/Lisans,Undergraduate Practice / Lisans Staj,https://student.metu.edu.tr/proxy/View_Program_Course_Details_64/main.php,2026-05-10T19:41:24+00:00,data\raw\sais\offerings\20242\CENG\20260510T194124Z\program.html
CENG,20242,2024-2025 Spring,571,Computer Engineering/Bilgisayar Mühendisliği,5710403,CENG 403,403,SPECIAL TOPICS IN COMPUTER ENGINEERING: INTRODUCTION TO DEEP LEARNING (BİLGİSAYAR MÜHENDİSLİĞİ ÖZEL KONULAR : DERİN ÖĞRENMEYE GİRİŞ ),6.0,"3.00 (3.00,0.00,0.00)",Undergraduate/Lisans,Undergraduate / Lisans,https://student.metu.edu.tr/proxy/View_Program_Course_Details_64/main.php,2026-05-10T19:41:24+00:00,data\raw\sais\offerings\20242\CENG\20260510T194124Z\program.html
CENG,20242,2024-2025 Spring,571,Computer Engineering/Bilgisayar Mühendisliği,5710443,CENG 443,443,INTRODUCTION TO OBJECT-ORIENTED PROG. LANG. AND SYSTEMS (NESNE YÖNELİMLİ PROGRAMLAMA DİLLERİ VE SİSTEMLERİNE GİRİŞ ),6.0,"3.00 (3.00,0.00,0.00)",Undergraduate/Lisans,Undergraduate / Lisans,https://student.metu.edu.tr/proxy/View_Program_Course_Details_64/main.php,2026-05-10T19:41:24+00:00,data\raw\sais\offerings\20242\CENG\20260510T194124Z\program.html
CENG,20242,2024-2025 Spring,571,Computer Engineering/Bilgisayar Mühendisliği,5710444,CENG 444,444,LANGUAGE PROCESSORS (DİL İŞLEMCİLERİ ),6.0,"3.00 (3.00,0.00,)",Undergraduate/Lisans,Undergraduate / Lisans,https://student.metu.edu.tr/proxy/View_Program_Course_Details_64/main.php,2026-05-10T19:41:24+00:00,data\raw\sais\offerings\20242\CENG\20260510T194124Z\program.html
CENG,20242,2024-2025 Spring,571,Computer Engineering/Bilgisayar Mühendisliği,5710453,CENG 453,453,SPECIAL TOPICS IN COMPUTER ENGINEERING: SOFTWARE CONSTRUCTION (BİLG. MÜH. ÖZEL KONULAR: YAZILIM İNŞASI ),6.0,"3.00 (3.00,0.00,0.00)",Undergraduate/Lisans,Undergraduate / Lisans,https://student.metu.edu.tr/proxy/View_Program_Course_Details_64/main.php,2026-05-10T19:41:24+00:00,data\raw\sais\offerings\20242\CENG\20260510T194124Z\program.html
CENG,20242,2024-2025 Spring,571,Computer Engineering/Bilgisayar Mühendisliği,5710469,CENG 469,469,COMPUTER GRAPHICS II (BİLGİSAYARLI GRAFİK II ),6.0,"3.00 (3.00,0.00,)",Undergraduate/Lisans,Undergraduate / Lisans,https://student.metu.edu.tr/proxy/View_Program_Course_Details_64/main.php,2026-05-10T19:41:24+00:00,data\raw\sais\offerings\20242\CENG\20260510T194124Z\program.html
CENG,20242,2024-2025 Spring,571,Computer Engineering/Bilgisayar Mühendisliği,5710488,CENG 488,488,GUIDED RESEARCH (YÖNLENDİRMELİ ARAŞTIRMA ),6.0,"3.00 (1.00,4.00,0.00)",Undergraduate/Lisans,Undergraduate / Lisans,https://student.metu.edu.tr/proxy/View_Program_Course_Details_64/main.php,2026-05-10T19:41:24+00:00,data\raw\sais\offerings\20242\CENG\20260510T194124Z\program.html
CENG,20242,2024-2025 Spring,571,Computer Engineering/Bilgisayar Mühendisliği,5710492,CENG 492,492,COMPUTER ENGINEERING DESIGN II (BİLGİSAYAR MÜHENDİSLİĞİ TASARIMI II ),8.0,"4.00 (2.00,4.00,0.00)",Undergraduate/Lisans,Undergraduate / Lisans,https://student.metu.edu.tr/proxy/View_Program_Course_Details_64/main.php,2026-05-10T19:41:24+00:00,data\raw\sais\offerings\20242\CENG\20260510T194124Z\program.html
CENG,20242,2024-2025 Spring,571,Computer Engineering/Bilgisayar Mühendisliği,5710495,CENG 495,495,CLOUD COMPUTING (BULUT HESAPLAMA ),5.0,"3.00 (3.00,0.00,0.00)",Undergraduate/Lisans,Undergraduate / Lisans,https://student.metu.edu.tr/proxy/View_Program_Course_Details_64/main.php,2026-05-10T19:41:24+00:00,data\raw\sais\offerings\20242\CENG\20260510T194124Z\program.html
CENG,20242,2024-2025 Spring,571,Computer Engineering/Bilgisayar Mühendisliği,5710499,CENG 499,499,SPECIAL TOPICS: INTRODUCTION TO MACHINE LEARNING (BİLG. MÜH. ÖZEL KONULAR: MAKİNE ÖĞRENMESİNE GİRİŞ ),6.0,"3.00 (3.00,0.00,0.00)",Undergraduate/Lisans,Undergraduate / Lisans,https://student.metu.edu.tr/proxy/View_Program_Course_Details_64/main.php,2026-05-10T19:41:24+00:00,data\raw\sais\offerings\20242\CENG\20260510T194124Z\program.html
CENG,20242,2024-2025 Spring,571,Computer Engineering/Bilgisayar Mühendisliği,5710500,CENG 500,500,M.S. THESIS (YÜKSEK LİSANS TEZİ ),50.0,"0.00 (0.00,0.00,)",Master`s/Yüksek Lisans,M.S. Thesis / Yüksek Lisans Tez,https://student.metu.edu.tr/proxy/View_Program_Course_Details_64/main.php,2026-05-10T19:41:24+00:00,data\raw\sais\offerings\20242\CENG\20260510T194124Z\program.html
CENG,20242,2024-2025 Spring,571,Computer Engineering/Bilgisayar Mühendisliği,5710513,CENG 513,513,WIRELESS COMMUNICATION AND NETWORKS (KABLOSUZ İLETİŞİM VE AĞLAR ),8.0,"3.00 (3.00,0.00,0.00)",Graduate/Yüksek Lisans+Doktora,Master's / Yüksek Lisans,https://student.metu.edu.tr/proxy/View_Program_Course_Details_64/main.php,2026-05-10T19:41:24+00:00,data\raw\sais\offerings\20242\CENG\20260510T194124Z\program.html
CENG,20242,2024-2025 Spring,571,Computer Engineering/Bilgisayar Mühendisliği,5710519,CENG 519,519,NETWORK SECURITY (AĞ GÜVENLİĞİ ),8.0,"3.00 (3.00,0.00,0.00)",Graduate/Yüksek Lisans+Doktora,Master's / Yüksek Lisans,https://student.metu.edu.tr/proxy/View_Program_Course_Details_64/main.php,2026-05-10T19:41:24+00:00,data\raw\sais\offerings\20242\CENG\20260510T194124Z\program.html
CENG,20242,2024-2025 Spring,571,Computer Engineering/Bilgisayar Mühendisliği,5710551,CENG 551,551,SYSTEM DEVELOPMENT WITH ABSTRACT DESIG (SOYUT TASARIM İLE SİSTEM GELİŞTİRME ),8.0,"3.00 (3.00,0.00,)",Graduate/Yüksek Lisans+Doktora,Master's / Yüksek Lisans,https://student.metu.edu.tr/proxy/View_Program_Course_Details_64/main.php,2026-05-10T19:41:24+00:00,data\raw\sais\offerings\20242\CENG\20260510T194124Z\program.html
CENG,20242,2024-2025 Spring,571,Computer Engineering/Bilgisayar Mühendisliği,5710562,CENG 562,562,MACHINE LEARNING (MAKİNE ÖĞRENMESİ ),8.0,"3.00 (3.00,0.00,)",Graduate/Yüksek Lisans+Doktora,Master's / Yüksek Lisans,https://student.metu.edu.tr/proxy/View_Program_Course_Details_64/main.php,2026-05-10T19:41:24+00:00,data\raw\sais\offerings\20242\CENG\20260510T194124Z\program.html
CENG,20242,2024-2025 Spring,571,Computer Engineering/Bilgisayar Mühendisliği,5710565,CENG 565,565,INTRODUCTION TO THEORY OF COMPUTATION (HESAPLAMA TEORİSİNE GİRİŞ ),8.0,"3.00 (3.00,0.00,)",Graduate/Yüksek Lisans+Doktora,Master's / Yüksek Lisans,https://student.metu.edu.tr/proxy/View_Program_Course_Details_64/main.php,2026-05-10T19:41:24+00:00,data\raw\sais\offerings\20242\CENG\20260510T194124Z\program.html
CENG,20242,2024-2025 Spring,571,Computer Engineering/Bilgisayar Mühendisliği,5710580,CENG 580,580,MULTI AGENT SYSTEMS (ÇOK AKTÖRLÜ SİSTEMLER ),8.0,"3.00 (3.00,0.00,0.00)",Graduate/Yüksek Lisans+Doktora,Master's / Yüksek Lisans,https://student.metu.edu.tr/proxy/View_Program_Course_Details_64/main.php,2026-05-10T19:41:24+00:00,data\raw\sais\offerings\20242\CENG\20260510T194124Z\program.html
CENG,20242,2024-2025 Spring,571,Computer Engineering/Bilgisayar Mühendisliği,5710589,CENG 589,589,DIGITAL GEOMETRY PROCESSING (DİJİTAL GEOMETRİ İŞLEME ),8.0,"3.00 (3.00,0.00,0.00)",Graduate/Yüksek Lisans+Doktora,Master's / Yüksek Lisans,https://student.metu.edu.tr/proxy/View_Program_Course_Details_64/main.php,2026-05-10T19:41:24+00:00,data\raw\sais\offerings\20242\CENG\20260510T194124Z\program.html
CENG,20242,2024-2025 Spring,571,Computer Engineering/Bilgisayar Mühendisliği,5710590,CENG 590,590,RESEARCH METHODS AND ETHICS (ARAŞTIRMA YÖNTEMLERİ VE ETİK ),8.0,"3.00 (0.00,0.00,0.00)",Graduate/Yüksek Lisans+Doktora,Ethics / Etik,https://student.metu.edu.tr/proxy/View_Program_Course_Details_64/main.php,2026-05-10T19:41:24+00:00,data\raw\sais\offerings\20242\CENG\20260510T194124Z\program.html
CENG,20242,2024-2025 Spring,571,Computer Engineering/Bilgisayar Mühendisliği,5710591,CENG 591,591,GRADUATE SEMINAR (LİSANSÜSTÜ SEMİNER ),10.0,"0.00 (0.00,2.00,0.00)",Graduate/Yüksek Lisans+Doktora,Seminar / Seminer,https://student.metu.edu.tr/proxy/View_Program_Course_Details_64/main.php,2026-05-10T19:41:24+00:00,data\raw\sais\offerings\20242\CENG\20260510T194124Z\program.html
CENG,20242,2024-2025 Spring,571,Computer Engineering/Bilgisayar Mühendisliği,5710596,CENG 596,596,INFORMATION RETRIEVAL (BİLGİ GETİRİMİ ),8.0,"3.00 (3.00,0.00,0.00)",Graduate/Yüksek Lisans+Doktora,Master's / Yüksek Lisans,https://student.metu.edu.tr/proxy/View_Program_Course_Details_64/main.php,2026-05-10T19:41:24+00:00,data\raw\sais\offerings\20242\CENG\20260510T194124Z\program.html
CENG,20242,2024-2025 Spring,571,Computer Engineering/Bilgisayar Mühendisliği,5710600,CENG 600,600,PH.D. THESIS (DOKTORA TEZİ ),130.0,"0.00 (0.00,0.00,)",Doctoral/Doktora,Ph.D Thesis / Doktora Tez,https://student.metu.edu.tr/proxy/View_Program_Course_Details_64/main.php,2026-05-10T19:41:24+00:00,data\raw\sais\offerings\20242\CENG\20260510T194124Z\program.html
CENG,20242,2024-2025 Spring,571,Computer Engineering/Bilgisayar Mühendisliği,5710691,CENG 691,691,GRADUATE SEMINER (LİSANSÜSTÜ SEMİNER ),10.0,"0.00 (0.00,2.00,0.00)",Doctoral/Doktora,Seminar / Seminer,https://student.metu.edu.tr/proxy/View_Program_Course_Details_64/main.php,2026-05-10T19:41:24+00:00,data\raw\sais\offerings\20242\CENG\20260510T194124Z\program.html
