from,from_course_code,to,to_course_code,set_no,min_grade,type,position
3570100,357 100,3570119,357 119,1,DD,Undergraduate NCC / Lisans KKK,Offered Course / A??k Ders
3570119,357 119,3570120,357 120,1,DD,Undergraduate NCC / Lisans KKK,Offered Course / A??k Ders
2360119,MATH 119,3570120,357 120,2,DD,Undergraduate / Lisans,Offered Course / A??k Ders
2360117,MATH 117,3570120,357 120,3,DD,Undergraduate / Lisans,Offered Course / A??k Ders
3590101,359 101,3590102,359 102,1,DD,Undergraduate NCC / Lisans KKK,Offered Course / A??k Ders
6390101,ENG 101,3590102,359 102,2,DD,Undergraduate / Lisans,Offered Course / A??k Ders
2300105,PHYS 105,5630204,CHE 204,1,DD,Undergraduate / Lisans,Offered Course / A??k Ders
3110210,ECON 210,5630423,CHE 423,1,DD,Undergraduate / Lisans,Offered Course / A??k Ders
2340111,CHEM 111,2340102,CHEM 102,1,DD,Undergraduate / Lisans,Offered Course / A??k Ders
2340101,CHEM 101,2340102,CHEM 102,2,DD,Undergraduate / Lisans,Offered Course / A??k Ders
2340105,CHEM 105,2340102,CHEM 102,3,DD,Undergraduate / Lisans,Offered Course / A??k Ders
2340109,CHEM 109,2340102,CHEM 102,4,DD,Undergraduate / Lisans,Closed Course / Kapal? Ders
2340109,CHEM 109,2340106,CHEM 106,3,DD,Undergraduate / Lisans,Closed Course / Kapal? Ders
2340105,CHEM 105,2340106,CHEM 106,4,DD,Undergraduate / Lisans,Offered Course / A??k Ders
2340101,CHEM 101,2340106,CHEM 106,5,DD,Undergraduate / Lisans,Offered Course / A??k Ders
2340111,CHEM 111,2340106,CHEM 106,6,DD,Undergraduate / Lisans,Offered Course / A??k Ders
2340111,CHEM 111,2340112,CHEM 112,2,DD,Undergraduate / Lisans,Offered Course / A??k Ders
2340101,CHEM 101,2340112,CHEM 112,3,DD,Undergraduate / Lisans,Offered Course / A??k Ders
2340105,CHEM 105,2340112,CHEM 112,4,DD,Undergraduate / Lisans,Offered Course / A??k Ders
2340109,CHEM 109,2340112,CHEM 112,5,DD,Undergraduate / Lisans,Closed Course / Kapal? Ders
3600111,360 111,2340112,CHEM 112,6,DD,Undergraduate NCC / Lisans KKK,Offered Course / A??k Ders
2340112,CHEM 112,2340229,CHEM 229,2,DD,Undergraduate / Lisans,Offered Course / A??k Ders
2340107,CHEM 107,2340229,CHEM 229,3,DD,Undergraduate / Lisans,Offered Course / A??k Ders
2340102,CHEM 102,2340229,CHEM 229,4,DD,Undergraduate / Lisans,Offered Course / A??k Ders
2340106,CHEM 106,2340229,CHEM 229,5,DD,Undergraduate / Lisans,Offered Course / A??k Ders
2340110,CHEM 110,2340229,CHEM 229,6,DD,Undergraduate / Lisans,Closed Course / Kapal? Ders
2340107,CHEM 107,2340230,CHEM 230,1,DD,Undergraduate / Lisans,Offered Course / A??k Ders
2340102,CHEM 102,2340230,CHEM 230,2,DD,Undergraduate / Lisans,Offered Course / A??k Ders
2340112,CHEM 112,2340230,CHEM 230,3,DD,Undergraduate / Lisans,Offered Course / A??k Ders
2340106,CHEM 106,2340230,CHEM 230,4,DD,Undergraduate / Lisans,Offered Course / A??k Ders
2340110,CHEM 110,2340230,CHEM 230,5,DD,Undergraduate / Lisans,Closed Course / Kapal? Ders
2340106,CHEM 106,2340252,CHEM 252,1,DD,Undergraduate / Lisans,Offered Course / A??k Ders
2340257,CHEM 257,2340252,CHEM 252,1,DD,Undergraduate / Lisans,Offered Course / A??k Ders
2300111,PHYS 111,2340252,CHEM 252,1,DD,Undergraduate / Lisans,Offered Course / A??k Ders
2340107,CHEM 107,2340252,CHEM 252,2,DD,Undergraduate / Lisans,Offered Course / A??k Ders
2360219,MATH 219,2340252,CHEM 252,2,DD,Undergraduate / Lisans,Offered Course / A??k Ders
2300105,PHYS 105,2340252,CHEM 252,2,DD,Undergraduate / Lisans,Offered Course / A??k Ders
2340106,CHEM 106,2340252,CHEM 252,3,DD,Undergraduate / Lisans,Offered Course / A??k Ders
2360219,MATH 219,2340252,CHEM 252,3,DD,Undergraduate / Lisans,Offered Course / A??k Ders
2300111,PHYS 111,2340252,CHEM 252,3,DD,Undergraduate / Lisans,Offered Course / A??k Ders
2340107,CHEM 107,2340252,CHEM 252,4,DD,Undergraduate / Lisans,Offered Course / A??k Ders
2360219,MATH 219,2340252,CHEM 252,4,DD,Undergraduate / Lisans,Offered Course / A??k Ders
2300111,PHYS 111,2340252,CHEM 252,4,DD,Undergraduate / Lisans,Offered Course / A??k Ders
2340107,CHEM 107,2340252,CHEM 252,5,DD,Undergraduate / Lisans,Offered Course / A??k Ders
2360257,MATH 257,2340252,CHEM 252,5,DD,Undergraduate / Lisans,Closed Course / Kapal? Ders
2300111,PHYS 111,2340252,CHEM 252,5,DD,Undergraduate / Lisans,Offered Course / A??k Ders
2340107,CHEM 107,2340252,CHEM 252,6,DD,Undergraduate / Lisans,Offered Course / A??k Ders
2340257,CHEM 257,2340252,CHEM 252,6,DD,Undergraduate / Lisans,Offered Course / A??k Ders
2300105,PHYS 105,2340252,CHEM 252,6,DD,Undergraduate / Lisans,Offered Course / A??k Ders
2340106,CHEM 106,2340252,CHEM 252,7,DD,Undergraduate / Lisans,Offered Course / A??k Ders
2360219,MATH 219,2340252,CHEM 252,7,DD,Undergraduate / Lisans,Offered Course / A??k Ders
2300105,PHYS 105,2340252,CHEM 252,7,DD,Undergraduate / Lisans,Offered Course / A??k Ders
2340106,CHEM 106,2340252,CHEM 252,8,DD,Undergraduate / Lisans,Offered Course / A??k Ders
2340257,CHEM 257,2340252,CHEM 252,8,DD,Undergraduate / Lisans,Offered Course / A??k Ders
2300105,PHYS 105,2340252,CHEM 252,8,DD,Undergraduate / Lisans,Offered Course / A??k Ders
2360152,MATH 152,2340257,CHEM 257,2,DD,Undergraduate / Lisans,Closed Course / Kapal? Ders
2360156,MATH 156,2340257,CHEM 257,3,DD,Undergraduate / Lisans,Closed Course / Kapal? Ders
2360120,MATH 120,2340257,CHEM 257,4,DD,Undergraduate / Lisans,Offered Course / A??k Ders
3570120,357 120,2340257,CHEM 257,5,DD,Undergraduate NCC / Lisans KKK,Offered Course / A??k Ders
2360118,MATH 118,2340257,CHEM 257,6,DD,Undergraduate / Lisans,Offered Course / A??k Ders
6390101,ENG 101,6390102,ENG 102,1,DD,Undergraduate / Lisans,Offered Course / A??k Ders
3590101,359 101,6390102,ENG 102,2,DD,Undergraduate NCC / Lisans KKK,Offered Course / A??k Ders
6390101,ENG 101,6390211,ENG 211,2,DD,Undergraduate / Lisans,Offered Course / A??k Ders
6390102,ENG 102,6390211,ENG 211,2,DD,Undergraduate / Lisans,Offered Course / A??k Ders
3590101,359 101,6390211,ENG 211,3,DD,Undergraduate NCC / Lisans KKK,Offered Course / A??k Ders
3590102,359 102,6390211,ENG 211,3,DD,Undergraduate NCC / Lisans KKK,Offered Course / A??k Ders
2360155,MATH 155,5610303,ES 303,1,DD,Undergraduate / Lisans,Closed Course / Kapal? Ders
2360157,MATH 157,5610303,ES 303,2,DD,Undergraduate / Lisans,Closed Course / Kapal? Ders
2360119,MATH 119,5610303,ES 303,3,DD,Undergraduate / Lisans,Offered Course / A??k Ders
2360151,MATH 151,5610303,ES 303,4,DD,Undergraduate / Lisans,Closed Course / Kapal? Ders
3570119,357 119,5610303,ES 303,5,DD,Undergraduate NCC / Lisans KKK,Offered Course / A??k Ders
5730201,FDE 201,5730224,FDE 224,2,DD,Undergraduate / Lisans,Offered Course / A??k Ders
5730201,FDE 201,5730300,FDE 300,1,DD,Undergraduate / Lisans,Offered Course / A??k Ders
8770101,OHS 101,5730300,FDE 300,1,S,Undergraduate / Lisans,Offered Course / A??k Ders
2340230,CHEM 230,5730310,FDE 310,1,DD,Undergraduate / Lisans,Offered Course / A??k Ders
5730313,FDE 313,5730310,FDE 310,1,DD,Undergraduate / Lisans,Offered Course / A??k Ders
2380107,BIOL 107,5730311,FDE 311,1,DD,Undergraduate / Lisans,Offered Course / A??k Ders
2190103,219 103,5730311,FDE 311,2,DD,Undergraduate / Lisans,Offered Course / A??k Ders
2190104,219 104,5730311,FDE 311,2,DD,Undergraduate / Lisans,Offered Course / A??k Ders
2380107,BIOL 107,5730313,FDE 313,1,DD,Undergraduate / Lisans,Offered Course / A??k Ders
2340229,CHEM 229,5730313,FDE 313,1,DD,Undergraduate / Lisans,Offered Course / A??k Ders
2340252,CHEM 252,5730314,FDE 314,1,DD,Undergraduate / Lisans,Offered Course / A??k Ders
5730313,FDE 313,5730314,FDE 314,1,DD,Undergraduate / Lisans,Offered Course / A??k Ders
5630204,CHE 204,5730314,FDE 314,2,DD,Undergraduate / Lisans,Offered Course / A??k Ders
5730313,FDE 313,5730314,FDE 314,2,DD,Undergraduate / Lisans,Offered Course / A??k Ders
5730224,FDE 224,5730321,FDE 321,1,DD,Undergraduate / Lisans,Offered Course / A??k Ders
2360253,MATH 253,5730321,FDE 321,1,DD,Undergraduate / Lisans,Closed Course / Kapal? Ders
5730224,FDE 224,5730321,FDE 321,2,DD,Undergraduate / Lisans,Offered Course / A??k Ders
2360219,MATH 219,5730321,FDE 321,2,DD,Undergraduate / Lisans,Offered Course / A??k Ders
5630204,CHE 204,5730324,FDE 324,2,DD,Undergraduate / Lisans,Offered Course / A??k Ders
5730224,FDE 224,5730324,FDE 324,2,DD,Undergraduate / Lisans,Offered Course / A??k Ders
2360219,MATH 219,5730324,FDE 324,2,DD,Undergraduate / Lisans,Offered Course / A??k Ders
5730300,FDE 300,5730400,FDE 400,1,S,Undergraduate Practice / Lisans Staj,Offered Course / A??k Ders
8770301,OHS 301,5730400,FDE 400,1,S,Undergraduate / Lisans,Offered Course / A??k Ders
5730321,FDE 321,5730413,FDE 413,1,DD,Undergraduate / Lisans,Offered Course / A??k Ders
5730321,FDE 321,5730416,FDE 416,1,DD,Undergraduate / Lisans,Offered Course / A??k Ders
5730324,FDE 324,5730416,FDE 416,1,DD,Undergraduate / Lisans,Offered Course / A??k Ders
5630423,CHE 423,5730425,FDE 425,1,DD,Undergraduate / Lisans,Offered Course / A??k Ders
5730320,FDE 320,5730425,FDE 425,1,DD,Undergraduate / Lisans,Offered Course / A??k Ders
5730321,FDE 321,5730425,FDE 425,1,DD,Undergraduate / Lisans,Offered Course / A??k Ders
5730324,FDE 324,5730425,FDE 425,1,DD,Undergraduate / Lisans,Offered Course / A??k Ders
5630423,CHE 423,5730426,FDE 426,1,DD,Undergraduate / Lisans,Offered Course / A??k Ders
5730320,FDE 320,5730426,FDE 426,1,DD,Undergraduate / Lisans,Offered Course / A??k Ders
5730321,FDE 321,5730426,FDE 426,1,DD,Undergraduate / Lisans,Offered Course / A??k Ders
5730324,FDE 324,5730426,FDE 426,1,DD,Undergraduate / Lisans,Offered Course / A??k Ders
2402201,HIST 2201,2402202,HIST 2202,1,U,Undergraduate / Lisans,Offered Course / A??k Ders
3620201,362 201,2402202,HIST 2202,2,U,Undergraduate NCC / Lisans KKK,Offered Course / A??k Ders
2402205,HIST 2205,2402206,HIST 2206,1,S,Undergraduate / Lisans,Offered Course / A??k Ders
2402205,HIST 2205,2402206,HIST 2206,2,U,Undergraduate / Lisans,Offered Course / A??k Ders
2360117,MATH 117,2360118,MATH 118,1,DD,Undergraduate / Lisans,Offered Course / A??k Ders
2360119,MATH 119,2360118,MATH 118,2,DD,Undergraduate / Lisans,Offered Course / A??k Ders
2360119,MATH 119,2360120,MATH 120,1,DD,Undergraduate / Lisans,Offered Course / A??k Ders
3570119,357 119,2360120,MATH 120,2,DD,Undergraduate NCC / Lisans KKK,Offered Course / A??k Ders
2360151,MATH 151,2360120,MATH 120,3,DD,Undergraduate / Lisans,Closed Course / Kapal? Ders
2360117,MATH 117,2360120,MATH 120,4,DD,Undergraduate / Lisans,Offered Course / A??k Ders
2360129,MATH 129,2360130,MATH 130,1,DD,Undergraduate / Lisans,Offered Course / A??k Ders
2360120,MATH 120,2360219,MATH 219,1,DD,Undergraduate / Lisans,Offered Course / A??k Ders
3570120,357 120,2360219,MATH 219,2,DD,Undergraduate NCC / Lisans KKK,Offered Course / A??k Ders
2360118,MATH 118,2360219,MATH 219,3,DD,Undergraduate / Lisans,Offered Course / A??k Ders
2360130,MATH 130,2360219,MATH 219,4,DD,Undergraduate / Lisans,Offered Course / A??k Ders
8770101,OHS 101,8770301,OHS 301,1,S,Undergraduate / Lisans,Offered Course / A??k Ders
6420105,TURK 105,6420106,TURK 106,1,S,Undergraduate / Lisans,Offered Course / A??k Ders
6420201,TURK 201,6420106,TURK 106,2,S,Undergraduate / Lisans,Offered Course / A??k Ders
6420201,TURK 201,6420202,TURK 202,1,S,Undergraduate / Lisans,Offered Course / A??k Ders
6420105,TURK 105,6420202,TURK 202,2,S,Undergraduate / Lisans,Offered Course / A??k Ders
6420303,TURK 303,6420304,TURK 304,1,S,Undergraduate / Lisans,Offered Course / A??k Ders
